<?xml version="1.0" encoding="UTF-8"?>
<!DOCTYPE mapper
  PUBLIC "-//mybatis.org//DTD Mapper 3.0//EN"
  "https://mybatis.org/dtd/mybatis-3-mapper.dtd">
<mapper namespace="board.BoardMapper">

	<select id="maxNum" resultType="int">
	    SELECT NVL(MAX(num), 0) FROM notices
	</select>

	<!-- 총 글 개수 -->
	<select id="getCount" resultType="int">
		SELECT COUNT(*) FROM notices
	</select>

	<!-- 답글 정렬 처리 -->
	<update id="addReply" parameterType="board.BoardDataBean">
		UPDATE notices SET re_step = re_step + 1
		WHERE ref = #{ref} AND re_step > #{re_step}
	</update>

	<!-- 글쓰기 -->
	<insert id="insertArticle" parameterType="board.BoardDataBean">
		INSERT INTO notices (
			userId, subject, reg_date, ref, re_step, re_level, content, readcount, num
		) VALUES (
			#{userId}, #{subject}, #{reg_date}, #{ref}, #{re_step}, #{re_level}, #{content}, 0, seq_notices.NEXTVAL
		)
	</insert>

	<!-- 글 목록 -->
	<select id="getArticles" parameterType="java.util.Map" resultType="board.BoardDataBean">
		SELECT * FROM (
			SELECT ROWNUM rnum, A.* FROM (
				SELECT num, userId AS userId, subject, reg_date, readcount, ref, re_step, re_level, content
				FROM notices
				ORDER BY ref DESC, re_step ASC
			) A
			WHERE ROWNUM &lt;= #{end}
		)
		WHERE rnum &gt;= #{start}
	</select>

	<!-- 글 상세 보기 -->
	<select id="getArticle" parameterType="int" resultType="board.BoardDataBean">
		SELECT num, userId, subject, reg_date, readcount, ref, re_step, re_level, content
		FROM notices
		WHERE num = #{num}
	</select>

	<!-- 조회수 증가 -->
	<update id="addCount" parameterType="int">
		UPDATE notices SET readcount = readcount + 1 WHERE num = #{num}
	</update>

	<!-- 글 수정 -->
	<update id="modifyArticle" parameterType="board.BoardDataBean">
		UPDATE notices
		SET subject = #{subject}, content = #{content}
		WHERE num = #{num}
	</update>

	<!-- 답글 있는지 확인 -->
	<select id="checkReply" parameterType="board.BoardDataBean" resultType="int">
		SELECT COUNT(*) FROM notices
		WHERE ref = #{ref} AND re_step = #{re_step} + 1 AND re_level > #{re_level}
	</select>

	<!-- 답글 정리 (삭제 전 step 조정) -->
	<update id="deleteReply" parameterType="board.BoardDataBean">
		UPDATE notices SET re_step = re_step - 1
		WHERE ref = #{ref} AND re_step > #{re_step}
	</update>

	<!-- 글 삭제 -->
	<delete id="deleteArticle" parameterType="int">
		DELETE FROM notices WHERE num = #{num}
	</delete>

</mapper>
