<?xml version="1.0" encoding="UTF-8"?>
<!DOCTYPE mapper
  PUBLIC "-//mybatis.org//DTD Mapper 3.0//EN"
  "https://mybatis.org/dtd/mybatis-3-mapper.dtd">
<mapper namespace="qna.QnaMapper">

	<select id="maxNum" resultType="int">
	    SELECT NVL(MAX(num), 0) FROM requests
	</select>


	<!-- 총 글 개수 -->
	<select id="getCount" resultType="int">
		SELECT COUNT(*) FROM requests
	</select>

	<!-- 답글 정렬 처리 -->
	<update id="addReply" parameterType="qna.QnaDataBean">
		UPDATE requests SET re_step = re_step + 1
		WHERE ref = #{ref} AND re_step > #{re_step}
	</update>

	<!-- 글쓰기 -->
	<insert id="insertArticle" parameterType="qna.QnaDataBean">
		INSERT INTO requests (
			userId, subject, reg_date, ref, re_step, re_level, content, num
		) VALUES (
			#{userId}, #{subject}, #{reg_date}, #{ref}, #{re_step}, #{re_level}, #{content}, seq_requests.NEXTVAL
		)
	</insert>

	<!-- 글 목록 -->
	<select id="getArticles" parameterType="java.util.Map" resultType="qna.QnaDataBean">
		SELECT * FROM (
			SELECT ROWNUM rnum, A.* FROM (
				SELECT num, userId, subject, reg_date, ref, re_step, re_level, content
				FROM requests
				ORDER BY ref DESC, re_step ASC
			) A
			WHERE ROWNUM &lt;= #{end}
		)
		WHERE rnum &gt;= #{start}
	</select>
	
		<select id="getMyArticles" parameterType="java.util.Map" resultType="qna.QnaDataBean">
		  SELECT * FROM (
		    SELECT ROWNUM rnum, A.* FROM (
		      SELECT num, userId, subject, reg_date, ref, re_step, re_level, content
		      FROM requests
		      WHERE ref IN (
		        SELECT DISTINCT ref
		        FROM requests
		        WHERE userId = #{userId}
		      )
		      ORDER BY ref DESC, re_step ASC
		    ) A
		    WHERE ROWNUM &lt;= #{end}
		  )
		  WHERE rnum &gt;= #{start}
		</select>
	
	<!-- 글 상세 보기 -->
	<select id="getArticle" parameterType="int" resultType="qna.QnaDataBean">
		SELECT num, userId, subject, reg_date, ref, re_step, re_level, content
		FROM requests
		WHERE num = #{num}
	</select>


	<!-- 글 수정 -->
	<update id="modifyArticle" parameterType="qna.QnaDataBean">
		UPDATE requests
		SET subject = #{subject}, content = #{content}
		WHERE num = #{num}
	</update>

	<!-- 답글 있는지 확인 -->
	<select id="checkReply" parameterType="qna.QnaDataBean" resultType="int">
		SELECT COUNT(*) FROM requests
		WHERE ref = #{ref} AND re_step = #{re_step} + 1 AND re_level > #{re_level}
	</select>

	<!-- 답글 정리 (삭제 전 step 조정) -->
	<update id="deleteReply" parameterType="qna.QnaDataBean">
		UPDATE requests SET re_step = re_step - 1
		WHERE ref = #{ref} AND re_step > #{re_step}
	</update>

	<!-- 글 삭제 -->
	<delete id="deleteArticle" parameterType="int">
		DELETE FROM requests WHERE num = #{num}
	</delete>

</mapper>
